course_id,course_item_id,peer_assignment_id
"POZJ3uOtEeSoXCIACw4Gzg","8ILE3","-biz_QZbEeW7kSIACySI9A@4"
"POZJ3uOtEeSoXCIACw4Gzg","JWs87","s8EwFwYvEeWW0yIAC5cQUQ@1"
"POZJ3uOtEeSoXCIACw4Gzg","DJoZT","ZAMmhwiXEeW3OCIAC44JnQ@7"
"POZJ3uOtEeSoXCIACw4Gzg","FFB6d","lPnnmgiwEeWCQyIAC5XEog@10"
"POZJ3uOtEeSoXCIACw4Gzg","p9b07","RqtD8gZEEeWUACIAC5cRqg@11"
"POZJ3uOtEeSoXCIACw4Gzg","qUzCq","mOdhnQjIEeWRIiIAC9lFJw@2"
"POZJ3uOtEeSoXCIACw4Gzg","Hp8XT","zwkOqgjdEeWeSiIACymIuA@4"
"POZJ3uOtEeSoXCIACw4Gzg","X4wkz","hnL5aAjbEeWi2iIAC7RHVw@3"
"POZJ3uOtEeSoXCIACw4Gzg","X4wkz","hnL5aAjbEeWi2iIAC7RHVw@7"
"POZJ3uOtEeSoXCIACw4Gzg","8ILE3","-biz_QZbEeW7kSIACySI9A@5"
"POZJ3uOtEeSoXCIACw4Gzg","dVGmO","f3MV8QimEeWTpSIAC4-MSg@2"
"POZJ3uOtEeSoXCIACw4Gzg","p9b07","RqtD8gZEEeWUACIAC5cRqg@9"
"POZJ3uOtEeSoXCIACw4Gzg","qUzCq","mOdhnQjIEeWRIiIAC9lFJw@10"
"POZJ3uOtEeSoXCIACw4Gzg","mc7R4","Yt0OUgjCEeWk6iIAC3_PpA@2"
"POZJ3uOtEeSoXCIACw4Gzg","DJoZT","ZAMmhwiXEeW3OCIAC44JnQ@6"
"POZJ3uOtEeSoXCIACw4Gzg","mc7R4","Yt0OUgjCEeWk6iIAC3_PpA@5"
"POZJ3uOtEeSoXCIACw4Gzg","qUzCq","mOdhnQjIEeWRIiIAC9lFJw@5"
"POZJ3uOtEeSoXCIACw4Gzg","Hp8XT","zwkOqgjdEeWeSiIACymIuA@5"
"POZJ3uOtEeSoXCIACw4Gzg","DJoZT","ZAMmhwiXEeW3OCIAC44JnQ@5"
"POZJ3uOtEeSoXCIACw4Gzg","mc7R4","Yt0OUgjCEeWk6iIAC3_PpA@8"
"POZJ3uOtEeSoXCIACw4Gzg","FFB6d","lPnnmgiwEeWCQyIAC5XEog@1"
"POZJ3uOtEeSoXCIACw4Gzg","FFB6d","lPnnmgiwEeWCQyIAC5XEog@4"
"POZJ3uOtEeSoXCIACw4Gzg","FFB6d","lPnnmgiwEeWCQyIAC5XEog@5"
"POZJ3uOtEeSoXCIACw4Gzg","qUzCq","mOdhnQjIEeWRIiIAC9lFJw@8"
"POZJ3uOtEeSoXCIACw4Gzg","p9b07","RqtD8gZEEeWUACIAC5cRqg@6"
"POZJ3uOtEeSoXCIACw4Gzg","mc7R4","Yt0OUgjCEeWk6iIAC3_PpA@10"
"POZJ3uOtEeSoXCIACw4Gzg","X4wkz","hnL5aAjbEeWi2iIAC7RHVw@2"
"POZJ3uOtEeSoXCIACw4Gzg","X4wkz","hnL5aAjbEeWi2iIAC7RHVw@6"
"POZJ3uOtEeSoXCIACw4Gzg","X4wkz","hnL5aAjbEeWi2iIAC7RHVw@5"
"POZJ3uOtEeSoXCIACw4Gzg","qUzCq","mOdhnQjIEeWRIiIAC9lFJw@7"
"POZJ3uOtEeSoXCIACw4Gzg","qUzCq","mOdhnQjIEeWRIiIAC9lFJw@3"
"POZJ3uOtEeSoXCIACw4Gzg","8ILE3","-biz_QZbEeW7kSIACySI9A@6"
"POZJ3uOtEeSoXCIACw4Gzg","qUzCq","mOdhnQjIEeWRIiIAC9lFJw@6"
"POZJ3uOtEeSoXCIACw4Gzg","p9b07","RqtD8gZEEeWUACIAC5cRqg@2"
"POZJ3uOtEeSoXCIACw4Gzg","dVGmO","f3MV8QimEeWTpSIAC4-MSg@1"
"POZJ3uOtEeSoXCIACw4Gzg","8ILE3","-biz_QZbEeW7kSIACySI9A@2"
"POZJ3uOtEeSoXCIACw4Gzg","p9b07","RqtD8gZEEeWUACIAC5cRqg@7"
"POZJ3uOtEeSoXCIACw4Gzg","FFB6d","lPnnmgiwEeWCQyIAC5XEog@7"
"POZJ3uOtEeSoXCIACw4Gzg","JWs87","s8EwFwYvEeWW0yIAC5cQUQ@3"
"POZJ3uOtEeSoXCIACw4Gzg","Hp8XT","zwkOqgjdEeWeSiIACymIuA@3"
"POZJ3uOtEeSoXCIACw4Gzg","DJoZT","ZAMmhwiXEeW3OCIAC44JnQ@9"
"POZJ3uOtEeSoXCIACw4Gzg","p9b07","RqtD8gZEEeWUACIAC5cRqg@5"
"POZJ3uOtEeSoXCIACw4Gzg","p9b07","RqtD8gZEEeWUACIAC5cRqg@3"
"POZJ3uOtEeSoXCIACw4Gzg","X4wkz","hnL5aAjbEeWi2iIAC7RHVw@1"
"POZJ3uOtEeSoXCIACw4Gzg","FFB6d","lPnnmgiwEeWCQyIAC5XEog@8"
"POZJ3uOtEeSoXCIACw4Gzg","8ILE3","-biz_QZbEeW7kSIACySI9A@7"
"POZJ3uOtEeSoXCIACw4Gzg","dVGmO","f3MV8QimEeWTpSIAC4-MSg@3"
"POZJ3uOtEeSoXCIACw4Gzg","p9b07","RqtD8gZEEeWUACIAC5cRqg@10"
"POZJ3uOtEeSoXCIACw4Gzg","DJoZT","ZAMmhwiXEeW3OCIAC44JnQ@3"
"POZJ3uOtEeSoXCIACw4Gzg","JWs87","s8EwFwYvEeWW0yIAC5cQUQ@2"
"POZJ3uOtEeSoXCIACw4Gzg","Hp8XT","zwkOqgjdEeWeSiIACymIuA@2"
"POZJ3uOtEeSoXCIACw4Gzg","Hp8XT","zwkOqgjdEeWeSiIACymIuA@7"
"POZJ3uOtEeSoXCIACw4Gzg","mc7R4","Yt0OUgjCEeWk6iIAC3_PpA@1"
"POZJ3uOtEeSoXCIACw4Gzg","DJoZT","ZAMmhwiXEeW3OCIAC44JnQ@1"
"POZJ3uOtEeSoXCIACw4Gzg","p9b07","RqtD8gZEEeWUACIAC5cRqg@1"
"POZJ3uOtEeSoXCIACw4Gzg","X4wkz","hnL5aAjbEeWi2iIAC7RHVw@8"
"POZJ3uOtEeSoXCIACw4Gzg","mc7R4","Yt0OUgjCEeWk6iIAC3_PpA@9"
"POZJ3uOtEeSoXCIACw4Gzg","FFB6d","lPnnmgiwEeWCQyIAC5XEog@3"
"POZJ3uOtEeSoXCIACw4Gzg","FFB6d","lPnnmgiwEeWCQyIAC5XEog@2"
"POZJ3uOtEeSoXCIACw4Gzg","X4wkz","hnL5aAjbEeWi2iIAC7RHVw@10"
"POZJ3uOtEeSoXCIACw4Gzg","X4wkz","hnL5aAjbEeWi2iIAC7RHVw@4"
"POZJ3uOtEeSoXCIACw4Gzg","p9b07","RqtD8gZEEeWUACIAC5cRqg@8"
"POZJ3uOtEeSoXCIACw4Gzg","8ILE3","-biz_QZbEeW7kSIACySI9A@3"
"POZJ3uOtEeSoXCIACw4Gzg","dVGmO","f3MV8QimEeWTpSIAC4-MSg@5"
"POZJ3uOtEeSoXCIACw4Gzg","Hp8XT","zwkOqgjdEeWeSiIACymIuA@1"
"POZJ3uOtEeSoXCIACw4Gzg","DJoZT","ZAMmhwiXEeW3OCIAC44JnQ@10"
"POZJ3uOtEeSoXCIACw4Gzg","mc7R4","Yt0OUgjCEeWk6iIAC3_PpA@3"
"POZJ3uOtEeSoXCIACw4Gzg","DJoZT","ZAMmhwiXEeW3OCIAC44JnQ@4"
"POZJ3uOtEeSoXCIACw4Gzg","dVGmO","f3MV8QimEeWTpSIAC4-MSg@4"
"POZJ3uOtEeSoXCIACw4Gzg","DJoZT","ZAMmhwiXEeW3OCIAC44JnQ@2"
"POZJ3uOtEeSoXCIACw4Gzg","FFB6d","lPnnmgiwEeWCQyIAC5XEog@9"
"POZJ3uOtEeSoXCIACw4Gzg","qUzCq","mOdhnQjIEeWRIiIAC9lFJw@11"
"POZJ3uOtEeSoXCIACw4Gzg","DJoZT","ZAMmhwiXEeW3OCIAC44JnQ@8"
"POZJ3uOtEeSoXCIACw4Gzg","mc7R4","Yt0OUgjCEeWk6iIAC3_PpA@11"
"POZJ3uOtEeSoXCIACw4Gzg","mc7R4","Yt0OUgjCEeWk6iIAC3_PpA@7"
"POZJ3uOtEeSoXCIACw4Gzg","qUzCq","mOdhnQjIEeWRIiIAC9lFJw@1"
"POZJ3uOtEeSoXCIACw4Gzg","8ILE3","-biz_QZbEeW7kSIACySI9A@1"
"POZJ3uOtEeSoXCIACw4Gzg","X4wkz","hnL5aAjbEeWi2iIAC7RHVw@9"
"POZJ3uOtEeSoXCIACw4Gzg","qUzCq","mOdhnQjIEeWRIiIAC9lFJw@9"
"POZJ3uOtEeSoXCIACw4Gzg","mc7R4","Yt0OUgjCEeWk6iIAC3_PpA@6"
"POZJ3uOtEeSoXCIACw4Gzg","qUzCq","mOdhnQjIEeWRIiIAC9lFJw@4"
"POZJ3uOtEeSoXCIACw4Gzg","FFB6d","lPnnmgiwEeWCQyIAC5XEog@6"
"POZJ3uOtEeSoXCIACw4Gzg","qUzCq","mOdhnQjIEeWRIiIAC9lFJw@12"
"POZJ3uOtEeSoXCIACw4Gzg","mc7R4","Yt0OUgjCEeWk6iIAC3_PpA@4"
"POZJ3uOtEeSoXCIACw4Gzg","mc7R4","Yt0OUgjCEeWk6iIAC3_PpA@12"
"POZJ3uOtEeSoXCIACw4Gzg","p9b07","RqtD8gZEEeWUACIAC5cRqg@4"
"POZJ3uOtEeSoXCIACw4Gzg","Hp8XT","zwkOqgjdEeWeSiIACymIuA@6"
